{"china":{"_100mm_UBR-412P":{"3.8 Price":4000,"3.9 Price":3600,"Discount Percentage":10},"_85mm_HEAT":{"3.8 Price":2800,"3.9 Price":2400,"Discount Percentage":14.285714285714285},"_122mm_Type_64":{"3.8 Price":5600,"3.9 Price":4000,"Discount Percentage":28.57142857142857}},"france":{"_37mm_FrtPrf1935":{"3.8 Price":800,"3.9 Price":400,"Discount Percentage":50},"_13.2mm_Balle_T.P.":{"3.8 Price":400,"3.9 Price":400,"Discount Percentage":0},"_25mm_Balle_T.P._mle._1934P":{"3.8 Price":800,"3.9 Price":800,"Discount Percentage":0},"_47mm_Odr_mle_1935_b":{"3.8 Price":800,"3.9 Price":800,"Discount Percentage":0},"_75mm_FrtPrf1940":{"3.8 Price":2800,"3.9 Price":2800,"Discount Percentage":0},"_75mm_OCO_mle._1926":{"3.8 Price":2800,"3.9 Price":2800,"Discount Percentage":0},"_47mm_Odr_mle._1935":{"3.8 Price":800,"3.9 Price":800,"Discount Percentage":0},"_90mm_FrtPrf1944":{"3.8 Price":4800,"3.9 Price":4000,"Discount Percentage":16.666666666666664},"_100mm_FrtPrf1945":{"3.8 Price":4000,"3.9 Price":3600,"Discount Percentage":10},"_105mm_FrtPrf1943":{"3.8 Price":4000,"3.9 Price":3600,"Discount Percentage":10},"_120mm_FrtPrf1945":{"3.8 Price":4800,"3.9 Price":4000,"Discount Percentage":16.666666666666664}},"germany":{"_20cm_Pzgr40":{"3.8 Price":400,"3.9 Price":400,"Discount Percentage":0},"_30mm_Pzgr43":{"3.8 Price":1200,"3.9 Price":800,"Discount Percentage":33.33333333333333},"_37cm_Pzgr40":{"3.8 Price":800,"3.9 Price":800,"Discount Percentage":0},"_37cm_Pzgr40t":{"3.8 Price":800,"3.9 Price":800,"Discount Percentage":0},"_47cm_Pzgr40t":{"3.8 Price":1200,"3.9 Price":1200,"Discount Percentage":0},"_47cm_Pzgr40f":{"3.8 Price":800,"3.9 Price":800,"Discount Percentage":0},"_50mm_Pzgr40":{"3.8 Price":2000,"3.9 Price":1200,"Discount Percentage":40},"_Gr_38_HL_A":{"3.8 Price":2000,"3.9 Price":2000,"Discount Percentage":0},"_75mm_Pzgr.40":{"3.8 Price":2800,"3.9 Price":1600,"Discount Percentage":42.857142857142854},"_75mm_Pzgr.40L":{"3.8 Price":2800,"3.9 Price":2800,"Discount Percentage":0},"_75mm_Gr_43_HL":{"3.8 Price":2800,"3.9 Price":2800,"Discount Percentage":0},"APCNR":{"3.8 Price":3200,"3.9 Price":3200,"Discount Percentage":0},"_76mm_Pzgr.40r":{"3.8 Price":2800,"3.9 Price":2800,"Discount Percentage":0},"_88mm_Pzgr.40":{"3.8 Price":3200,"3.9 Price":2800,"Discount Percentage":12.5},"_88mm_Pzgr40_43":{"3.8 Price":4400,"3.9 Price":2800,"Discount Percentage":36.36363636363637},"_88mm_Pzgr.40_43":{"3.8 Price":4400,"3.9 Price":3600,"Discount Percentage":18.181818181818183},"_88mm_Pzgr.40L":{"3.8 Price":4400,"3.9 Price":3600,"Discount Percentage":18.181818181818183},"_90mm_Pzgr40_48":{"3.8 Price":4400,"3.9 Price":3600,"Discount Percentage":18.181818181818183},"_105mmGr39H1A":{"3.8 Price":4000,"3.9 Price":2800,"Discount Percentage":30},"_105mm_Pzgr.40":{"3.8 Price":4800,"3.9 Price":4000,"Discount Percentage":16.666666666666664},"_105mm_Pzgr.40G":{"3.8 Price":4000,"3.9 Price":3600,"Discount Percentage":10},"_105mmGr_39H1A_K":{"3.8 Price":4800,"3.9 Price":4000,"Discount Percentage":16.666666666666664},"_105mm_Pzgr.40L1":{"3.8 Price":4000,"3.9 Price":3600,"Discount Percentage":10},"_105mm_PzGr.40Rot":{"3.8 Price":4400,"3.9 Price":3600,"Discount Percentage":18.181818181818183},"_105mm_HEAT-T_T384E4":{"3.8 Price":4800,"3.9 Price":4000,"Discount Percentage":16.666666666666664},"_105mm_APCR_T29E3":{"3.8 Price":4800,"3.9 Price":4000,"Discount Percentage":16.666666666666664},"_128mm_PzGr40":{"3.8 Price":4800,"3.9 Price":4000,"Discount Percentage":16.666666666666664},"_128mm_PzGr43":{"3.8 Price":4400,"3.9 Price":3600,"Discount Percentage":18.181818181818183},"_130mm_PB-46A":{"3.8 Price":4000,"3.9 Price":3600,"Discount Percentage":10},"_150mmGr_39H3A_G":{"3.8 Price":6000,"3.9 Price":5200,"Discount Percentage":13.333333333333334},"_150mm_Gr_HL":{"3.8 Price":6000,"3.9 Price":5200,"Discount Percentage":13.333333333333334},"_170mm_PaK_K72_PzGr45":{"3.8 Price":7200,"3.9 Price":6000,"Discount Percentage":16.666666666666664},"_90mm_OCC_90":{"3.8 Price":4000,"3.9 Price":3200,"Discount Percentage":20},"_90mm_Mecar_HEAT":{"3.8 Price":4000,"3.9 Price":3200,"Discount Percentage":20},"_90mm_HEAT_T_108":{"3.8 Price":4800,"3.9 Price":4000,"Discount Percentage":16.666666666666664},"_90mm_M431":{"3.8 Price":4000,"3.9 Price":3200,"Discount Percentage":20}},"japan":{"_13.2mm_Balle_T.P.":{"3.8 Price":400,"3.9 Price":400,"Discount Percentage":0},"_37mm_FrtPrf1935":{"3.8 Price":800,"3.9 Price":800,"Discount Percentage":0},"_37mm_APHE_Ichi_Go":{"3.8 Price":800,"3.9 Price":800,"Discount Percentage":0},"_37mm_APHE_Type1":{"3.8 Price":800,"3.9 Price":800,"Discount Percentage":0},"_37mm_AP_Type4":{"3.8 Price":800,"3.9 Price":800,"Discount Percentage":0},"_47mm_APHE_Type1_TK":{"3.8 Price":1600,"3.9 Price":1600,"Discount Percentage":0},"_57mm_HEAT_Type97":{"3.8 Price":1200,"3.9 Price":1200,"Discount Percentage":0},"_57mm_APHE_Type1_TK":{"3.8 Price":2000,"3.9 Price":2000,"Discount Percentage":0},"_75mm_HEAT_Type2_185":{"3.8 Price":2400,"3.9 Price":2400,"Discount Percentage":0},"_75mm_AP_Type_1_TK_424":{"3.8 Price":2800,"3.9 Price":2800,"Discount Percentage":0},"_75mm_AP_Type_1_SK_604":{"3.8 Price":2800,"3.9 Price":2800,"Discount Percentage":0},"_75mm_AP_Type_1_TO_604":{"3.8 Price":3200,"3.9 Price":3200,"Discount Percentage":0},"_90mm_HVAP_M304":{"3.8 Price":4400,"3.9 Price":3600,"Discount Percentage":18.181818181818183},"_90mm_HEAT_Type70":{"3.8 Price":4400,"3.9 Price":3600,"Discount Percentage":18.181818181818183},"_105mm_HEAT-T_T384E4":{"3.8 Price":4800,"3.9 Price":4000,"Discount Percentage":16.666666666666664},"_75mm_Pzgr.40":{"3.8 Price":2800,"3.9 Price":2400,"Discount Percentage":14.285714285714285},"_88mm_Pzgr.40":{"3.8 Price":3200,"3.9 Price":2800,"Discount Percentage":12.5}},"other":{"Slpprj_m49":{"3.8 Price":1200,"3.9 Price":1200,"Discount Percentage":0},"_90mm_Pzgr-EL":{"3.8 Price":4400,"3.9 Price":3600,"Discount Percentage":18.181818181818183},"_105mm_Pzgr-NL":{"3.8 Price":4800,"3.9 Price":4000,"Discount Percentage":16.666666666666664},"_85mm_HVAP_Belt":{"3.8 Price":3200,"3.9 Price":3200,"Discount Percentage":0},"_90mm_Fang":{"3.8 Price":4400,"3.9 Price":4000,"Discount Percentage":9.090909090909092},"_90mm_ZIM_M_T-K80C":{"3.8 Price":4400,"3.9 Price":4000,"Discount Percentage":9.090909090909092},"_122mm_Type_64":{"3.8 Price":4800,"3.9 Price":4000,"Discount Percentage":16.666666666666664}},"uk":{"_40mm_APHV":{"3.8 Price":1200,"3.9 Price":400,"Discount Percentage":66.66666666666666},"_40mm_APCR":{"3.8 Price":800,"3.9 Price":800,"Discount Percentage":0},"_47mm_3pdrAPCR":{"3.8 Price":800,"3.9 Price":800,"Discount Percentage":0},"_2pdr_APCNR_Mk.1":{"3.8 Price":1200,"3.9 Price":1200,"Discount Percentage":0},"_2pdr_APCNR_Mk.2":{"3.8 Price":1200,"3.9 Price":1200,"Discount Percentage":0},"_2pdr_APSV_Mk.2":{"3.8 Price":1600,"3.9 Price":1600,"Discount Percentage":0},"_6pdr_APCR_MK_1T":{"3.8 Price":2400,"3.9 Price":2400,"Discount Percentage":0},"_6pdr_AP_Steel_NF":{"3.8 Price":1200,"3.9 Price":1200,"Discount Percentage":0},"_75mm_APCR_HV_Mk3":{"3.8 Price":2800,"3.9 Price":2800,"Discount Percentage":0},"_75mm_APCR_Mk3":{"3.8 Price":2800,"3.9 Price":2800,"Discount Percentage":0},"_76mm_HEAT_MkI":{"3.8 Price":2800,"3.9 Price":2800,"Discount Percentage":0},"_77mm_APDS_Mk1T":{"3.8 Price":2800,"3.9 Price":2400,"Discount Percentage":14.285714285714285},"_17pdr_APC_Mk4T":{"3.8 Price":3200,"3.9 Price":3200,"Discount Percentage":0},"_3inch_APCR":{"3.8 Price":2800,"3.9 Price":2800,"Discount Percentage":0},"_20pdr_APC_Mk2":{"3.8 Price":4400,"3.9 Price":4000,"Discount Percentage":9.090909090909092},"_25pdr_AP_Mk_1T_SC":{"3.8 Price":2800,"3.9 Price":2400,"Discount Percentage":14.285714285714285},"_3.7inch_APCR":{"3.8 Price":3600,"3.9 Price":3200,"Discount Percentage":11.11111111111111},"_32pdr_APCR_MkII":{"3.8 Price":4400,"3.9 Price":3600,"Discount Percentage":18.181818181818183},"_3.7inch_HEAT_Mk1":{"3.8 Price":5600,"3.9 Price":4800,"Discount Percentage":14.285714285714285},"_105mm_HESH_L7":{"3.8 Price":5200,"3.9 Price":5200,